Workbook

Sheet wins
A1: win_id | B1: opp_id | C1: account_id | D1: week_ending | E1: fiscal_quarter | F1: fiscal_week | G1: channel | H1: seller_id | I1: product | J1: units | K1: arr_booked | L1: play_id | M1: seller_name | N1: industry | O1: annual_revenue_band | P1: region | Q1: is_BAU | R1: is_duplicate
A2: W50085 | B2: O80085 | C2: A20085 | D2: 45696 | E2: FY25Q3 | F2: 1 | G2: Hunters | H2: S159 | I2: Advanced | J2: 1 | K2: 32041 | L2: =IFERROR(INDEX(play_attribution!$B$2:$B$328,MATCH(A2,play_attribution!$A$2:$A$328,0)),"") | M2: =VLOOKUP(H2,seller_roster!$A$2:$B$85,2,FALSE) -> Rhea Okafor | N2: =VLOOKUP(C2,accounts!$A$2:$F$9615,2,FALSE) -> Nonprofit | O2: =VLOOKUP(C2,accounts!$A$2:$F$9615,3,FALSE) -> $5M-$10M | P2: =VLOOKUP(C2,accounts!$A$2:$F$9615,5,FALSE) -> West | Q2: =L2="" -> TRUE | R2: =INDEX(removed_duplicate_rows!$A$5:$A$39,MATCH(wins!A2,removed_duplicate_rows!$A$5:$A$39,0)) -> #N/A
A3: W50086 | B3: O80086 | C3: A20086 | D3: 45696 | E3: FY25Q3 | F3: 1 | G3: Hunters | H3: S159 | I3: Advanced | J3: 1 | K3: 11527 | L3: =IFERROR(INDEX(play_attribution!$B$2:$B$328,MATCH(A3,play_attribution!$A$2:$A$328,0)),"") | M3: =VLOOKUP(H3,seller_roster!$A$2:$B$85,2,FALSE) -> Rhea Okafor | N3: =VLOOKUP(C3,accounts!$A$2:$F$9615,2,FALSE) -> Construction | O3: =VLOOKUP(C3,accounts!$A$2:$F$9615,3,FALSE) -> $5M-$10M | P3: =VLOOKUP(C3,accounts!$A$2:$F$9615,5,FALSE) -> East | Q3: =L3="" -> TRUE | R3: =INDEX(removed_duplicate_rows!$A$5:$A$39,MATCH(wins!A3,removed_duplicate_rows!$A$5:$A$39,0)) -> #N/A
A4: W50087 | B4: O80087 | C4: A20087 | D4: 45696 | E4: FY25Q3 | F4: 1 | G4: Hunters | H4: S159 | I4: Advanced | J4: 1 | K4: 19731 | L4: =IFERROR(INDEX(play_attribution!$B$2:$B$328,MATCH(A4,play_attribution!$A$2:$A$328,0)),"") | M4: =VLOOKUP(H4,seller_roster!$A$2:$B$85,2,FALSE) -> Rhea Okafor | N4: =VLOOKUP(C4,accounts!$A$2:$F$9615,2,FALSE) -> Wholesale & Distribution | O4: =VLOOKUP(C4,accounts!$A$2:$F$9615,3,FALSE) -> $2.5M-$5M | P4: =VLOOKUP(C4,accounts!$A$2:$F$9615,5,FALSE) -> East | Q4: =L4="" -> TRUE | R4: =INDEX(removed_duplicate_rows!$A$5:$A$39,MATCH(wins!A4,removed_duplicate_rows!$A$5:$A$39,0)) -> #N/A
A5: W50088 | B5: O80088 | C5: A20088 | D5: 45696 | E5: FY25Q3 | F5: 1 | G5: Hunters | H5: S156 | I5: Advanced | J5: 1 | K5: 17402 | L5: =IFERROR(INDEX(play_attribution!$B$2:$B$328,MATCH(A5,play_attribution!$A$2:$A$328,0)),"") | M5: =VLOOKUP(H5,seller_roster!$A$2:$B$85,2,FALSE) -> Bryn Moreau | N5: =VLOOKUP(C5,accounts!$A$2:$F$9615,2,FALSE) -> Wholesale & Distribution | O5: =VLOOKUP(C5,accounts!$A$2:$F$9615,3,FALSE) -> $5M-$10M | P5: =VLOOKUP(C5,accounts!$A$2:$F$9615,5,FALSE) -> East | Q5: =L5="" -> TRUE | R5: =INDEX(removed_duplicate_rows!$A$5:$A$39,MATCH(wins!A5,removed_duplicate_rows!$A$5:$A$39,0)) -> #N/A
A6: W50089 | B6: O80089 | C6: A20089 | D6: 45696 | E6: FY25Q3 | F6: 1 | G6: Hunters | H6: S153 | I6: Advanced | J6: 1 | K6: 9510 | L6: =IFERROR(INDEX(play_attribution!$B$2:$B$328,MATCH(A6,play_attribution!$A$2:$A$328,0)),"") | M6: =VLOOKUP(H6,seller_roster!$A$2:$B$85,2,FALSE) -> Uma Moreau | N6: =VLOOKUP(C6,accounts!$A$2:$F$9615,2,FALSE) -> Professional Services | O6: =VLOOKUP(C6,accounts!$A$2:$F$9615,3,FALSE) -> $1M-$2.5M | P6: =VLOOKUP(C6,accounts!$A$2:$F$9615,5,FALSE) -> West | Q6: =L6="" -> TRUE | R6: =INDEX(removed_duplicate_rows!$A$5:$A$39,MATCH(wins!A6,removed_duplicate_rows!$A$5:$A$39,0)) -> #N/A
A7: W50090 | B7: O80090 | C7: A20090 | D7: 45696 | E7: FY25Q3 | F7: 1 | G7: Hunters | H7: S155 | I7: Advanced | J7: 1 | K7: 12158 | L7: =IFERROR(INDEX(play_attribution!$B$2:$B$328,MATCH(A7,play_attribution!$A$2:$A$328,0)),"") | M7: =VLOOKUP(H7,seller_roster!$A$2:$B$85,2,FALSE) -> Rhea Ruiz | N7: =VLOOKUP(C7,accounts!$A$2:$F$9615,2,FALSE) -> Professional Services | O7: =VLOOKUP(C7,accounts!$A$2:$F$9615,3,FALSE) -> $5M-$10M | P7: =VLOOKUP(C7,accounts!$A$2:$F$9615,5,FALSE) -> East | Q7: =L7="" -> TRUE | R7: =INDEX(removed_duplicate_rows!$A$5:$A$39,MATCH(wins!A7,removed_duplicate_rows!$A$5:$A$39,0)) -> #N/A
A8: W50001 | B8: O80001 | C8: A20001 | D8: 45696 | E8: FY25Q3 | F8: 1 | G8: Inbound | H8: S111 | I8: Plus | J8: 1 | K8: 8174 | L8: =IFERROR(INDEX(play_attribution!$B$2:$B$328,MATCH(A8,play_attribution!$A$2:$A$328,0)),"") | M8: =VLOOKUP(H8,seller_roster!$A$2:$B$85,2,FALSE) -> Lennon Ferro | N8: =VLOOKUP(C8,accounts!$A$2:$F$9615,2,FALSE) -> Hospitality Group | O8: =VLOOKUP(C8,accounts!$A$2:$F$9615,3,FALSE) -> $2.5M-$5M | P8: =VLOOKUP(C8,accounts!$A$2:$F$9615,5,FALSE) -> West | Q8: =L8="" -> TRUE | R8: =INDEX(removed_duplicate_rows!$A$5:$A$39,MATCH(wins!A8,removed_duplicate_rows!$A$5:$A$39,0)) -> #N/A
A9: W50002 | B9: O80002 | C9: A20002 | D9: 45696 | E9: FY25Q3 | F9: 1 | G9: Inbound | H9: S121 | I9: Plus | J9: 1 | K9: 8233 | L9: =IFERROR(INDEX(play_attribution!$B$2:$B$328,MATCH(A9,play_attribution!$A$2:$A$328,0)),"") | M9: =VLOOKUP(H9,seller_roster!$A$2:$B$85,2,FALSE) -> Sage Ruiz | N9: =VLOOKUP(C9,accounts!$A$2:$F$9615,2,FALSE) -> Manufacturing | O9: =VLOOKUP(C9,accounts!$A$2:$F$9615,3,FALSE) -> $5M-$10M | P9: =VLOOKUP(C9,accounts!$A$2:$F$9615,5,FALSE) -> Central | Q9: =L9="" -> TRUE | R9: =INDEX(removed_duplicate_rows!$A$5:$A$39,MATCH(wins!A9,removed_duplicate_rows!$A$5:$A$39,0)) -> #N/A
A10: W50003 | B10: O80003 | C10: A20003 | D10: 45696 | E10: FY25Q3 | F10: 1 | G10: Inbound | H10: S124 | I10: Plus | J10: 1 | K10: 5892 | L10: =IFERROR(INDEX(play_attribution!$B$2:$B$328,MATCH(A10,play_attribution!$A$2:$A$328,0)),"") | M10: =VLOOKUP(H10,seller_roster!$A$2:$B$85,2,FALSE) -> Harper Tran | N10: =VLOOKUP(C10,accounts!$A$2:$F$9615,2,FALSE) -> Manufacturing | O10: =VLOOKUP(C10,accounts!$A$2:$F$9615,3,FALSE) -> $2.5M-$5M | P10: =VLOOKUP(C10,accounts!$A$2:$F$9615,5,FALSE) -> East | Q10: =L10="" -> TRUE | R10: =INDEX(removed_duplicate_rows!$A$5:$A$39,MATCH(wins!A10,removed_duplicate_rows!$A$5:$A$39,0)) -> #N/A
A11: W50004 | B11: O80004 | C11: A20004 | D11: 45696 | E11: FY25Q3 | F11: 1 | G11: Inbound | H11: S114 | I11: Advanced | J11: 1 | K11: 6063 | L11: =IFERROR(INDEX(play_attribution!$B$2:$B$328,MATCH(A11,play_attribution!$A$2:$A$328,0)),"") | M11: =VLOOKUP(H11,seller_roster!$A$2:$B$85,2,FALSE) -> Kira Sorensen | N11: =VLOOKUP(C11,accounts!$A$2:$F$9615,2,FALSE) -> Manufacturing | O11: =VLOOKUP(C11,accounts!$A$2:$F$9615,3,FALSE) -> $2.5M-$5M | P11: =VLOOKUP(C11,accounts!$A$2:$F$9615,5,FALSE) -> West | Q11: =L11="" -> TRUE | R11: =INDEX(removed_duplicate_rows!$A$5:$A$39,MATCH(wins!A11,removed_duplicate_rows!$A$5:$A$39,0)) -> #N/A
A12: W50005 | B12: O80005 | C12: A20005 | D12: 45696 | E12: FY25Q3 | F12: 1 | G12: Inbound | H12: S122 | I12: Advanced | J12: 1 | K12: 8697 | L12: =IFERROR(INDEX(play_attribution!$B$2:$B$328,MATCH(A12,play_attribution!$A$2:$A$328,0)),"") | M12: =VLOOKUP(H12,seller_roster!$A$2:$B$85,2,FALSE) -> Frankie Ferro | N12: =VLOOKUP(C12,accounts!$A$2:$F$9615,2,FALSE) -> Wholesale & Distribution | O12: =VLOOKUP(C12,accounts!$A$2:$F$9615,3,FALSE) -> $5M-$10M | P12: =VLOOKUP(C12,accounts!$A$2:$F$9615,5,FALSE) -> East | Q12: =L12="" -> TRUE | R12: =INDEX(removed_duplicate_rows!$A$5:$A$39,MATCH(wins!A12,removed_duplicate_rows!$A$5:$A$39,0)) -> #N/A
A13: W50006 | B13: O80006 | C13: A20006 | D13: 45696 | E13: FY25Q3 | F13: 1 | G13: Inbound | H13: S123 | I13: Plus | J13: 1 | K13: 7230 | L13: =IFERROR(INDEX(play_attribution!$B$2:$B$328,MATCH(A13,play_attribution!$A$2:$A$328,0)),"") | M13: =VLOOKUP(H13,seller_roster!$A$2:$B$85,2,FALSE) -> Shiloh Sorensen | N13: =VLOOKUP(C13,accounts!$A$2:$F$9615,2,FALSE) -> Nonprofit | O13: =VLOOKUP(C13,accounts!$A$2:$F$9615,3,FALSE) -> $5M-$10M | P13: =VLOOKUP(C13,accounts!$A$2:$F$9615,5,FALSE) -> East | Q13: =L13="" -> TRUE | R13: =INDEX(removed_duplicate_rows!$A$5:$A$39,MATCH(wins!A13,removed_duplicate_rows!$A$5:$A$39,0)) -> #N/A
... A9615: W59614 | B9615: O89614 | C9615: A29614 | D9615: 46214 | E9615: FY26Q4 | F9615: 10 | G9615: Upgrades | H9615: S164 | I9615: Advanced | J9615: 1 | K9615: 4577 | L9615: =IFERROR(INDEX(play_attribution!$B$2:$B$328,MATCH(A9615,play_attribution!$A$2:$A$328,0)),"") | M9615: =VLOOKUP(H9615,seller_roster!$A$2:$B$85,2,FALSE) -> Rowan Tran | N9615: =VLOOKUP(C9615,accounts!$A$2:$F$9615,2,FALSE) -> Healthcare Services | O9615: =VLOOKUP(C9615,accounts!$A$2:$F$9615,3,FALSE) -> $2.5M-$5M | P9615: =VLOOKUP(C9615,accounts!$A$2:$F$9615,5,FALSE) -> Central | Q9615: =L9615="" -> TRUE | R9615: =INDEX(removed_duplicate_rows!$A$5:$A$39,MATCH(wins!A9615,removed_duplicate_rows!$A$5:$A$39,0)) -> #N/A

Sheet play_attribution
A1: win_id | B1: play_id
A2: W58388 | B2: P1
A3: W58400 | B3: P1
A4: W58407 | B4: P1
A5: W58408 | B5: P1
A6: W58409 | B6: P1
A7: W58419 | B7: P1
A8: W58436 | B8: P1
A9: W58465 | B9: P3
A10: W58466 | B10: P3
A11: W58467 | B11: P3
A12: W58468 | B12: P3
... A328: W59579 | B328: P3

Sheet removed_duplicate_rows
A1: Removed duplicate rows (CRM dual-export artifact) — audit record
A2: 35 rows removed from the "wins" tab: exact duplicates of FY26Q3 Outbound wins (same account_id, arr_booked, units, channel), appearing under a second, out-of-sequence win_id (90000+ range vs. the normal 56593-58383 range for that quarter). Consistent with a dual CRM export during the migration cutover (2026-02-28 to 2026-03-14). See assumptions_and_findings.md, Finding 13, for full detection methodology and downstream impact on other calculations.
A4: win_id | B4: opp_id | C4: account_id | D4: week_ending | E4: fiscal_quarter | F4: fiscal_week | G4: channel | H4: seller_id | I4: product | J4: units | K4: arr_booked | L4: play_id
A5: W90002 | B5: O95002 | C5: A27059 | D5: 46081 | E5: FY26Q3 | F5: 4 | G5: Outbound | H5: S139 | I5: Plus | J5: 1 | K5: 7663 | L5: =IFERROR(INDEX(play_attribution!$B$2:$B$328,MATCH(A7094,play_attribution!$A$2:$A$328,0)),"")
A6: W90010 | B6: O95010 | C6: A27081 | D6: 46081 | E6: FY26Q3 | F6: 4 | G6: Outbound | H6: S132 | I6: Plus | J6: 1 | K6: 12636 | L6: =IFERROR(INDEX(play_attribution!$B$2:$B$328,MATCH(A7095,play_attribution!$A$2:$A$328,0)),"")
A7: W90011 | B7: O95011 | C7: A27057 | D7: 46081 | E7: FY26Q3 | F7: 4 | G7: Outbound | H7: S145 | I7: Advanced | J7: 1 | K7: 6029 | L7: =IFERROR(INDEX(play_attribution!$B$2:$B$328,MATCH(A7096,play_attribution!$A$2:$A$328,0)),"")
A8: W90013 | B8: O95013 | C8: A27080 | D8: 46081 | E8: FY26Q3 | F8: 4 | G8: Outbound | H8: S147 | I8: Advanced | J8: 1 | K8: 6465 | L8: =IFERROR(INDEX(play_attribution!$B$2:$B$328,MATCH(A7097,play_attribution!$A$2:$A$328,0)),"")
A9: W90015 | B9: O95015 | C9: A27062 | D9: 46081 | E9: FY26Q3 | F9: 4 | G9: Outbound | H9: S143 | I9: Plus | J9: 1 | K9: 10640 | L9: =IFERROR(INDEX(play_attribution!$B$2:$B$328,MATCH(A7098,play_attribution!$A$2:$A$328,0)),"")
A10: W90018 | B10: O95018 | C10: A27075 | D10: 46081 | E10: FY26Q3 | F10: 4 | G10: Outbound | H10: S132 | I10: Plus | J10: 1 | K10: 7279 | L10: =IFERROR(INDEX(play_attribution!$B$2:$B$328,MATCH(A7099,play_attribution!$A$2:$A$328,0)),"")
A11: W90021 | B11: O95021 | C11: A27066 | D11: 46081 | E11: FY26Q3 | F11: 4 | G11: Outbound | H11: S142 | I11: Plus | J11: 1 | K11: 9778 | L11: =IFERROR(INDEX(play_attribution!$B$2:$B$328,MATCH(A7100,play_attribution!$A$2:$A$328,0)),"")
A12: W90024 | B12: O95024 | C12: A27058 | D12: 46081 | E12: FY26Q3 | F12: 4 | G12: Outbound | H12: S134 | I12: Plus | J12: 1 | K12: 13057 | L12: =IFERROR(INDEX(play_attribution!$B$2:$B$328,MATCH(A7101,play_attribution!$A$2:$A$328,0)),"")
A13: W90025 | B13: O95025 | C13: A27056 | D13: 46081 | E13: FY26Q3 | F13: 4 | G13: Outbound | H13: S138 | I13: Plus | J13: 1 | K13: 10095 | L13: =IFERROR(INDEX(play_attribution!$B$2:$B$328,MATCH(A7102,play_attribution!$A$2:$A$328,0)),"")
A14: W90026 | B14: O95026 | C14: A27064 | D14: 46081 | E14: FY26Q3 | F14: 4 | G14: Outbound | H14: S136 | I14: Plus | J14: 1 | K14: 10472 | L14: =IFERROR(INDEX(play_attribution!$B$2:$B$328,MATCH(A7103,play_attribution!$A$2:$A$328,0)),"")
A15: W90028 | B15: O95028 | C15: A27063 | D15: 46081 | E15: FY26Q3 | F15: 4 | G15: Outbound | H15: S139 | I15: Plus | J15: 1 | K15: 6612 | L15: =IFERROR(INDEX(play_attribution!$B$2:$B$328,MATCH(A7104,play_attribution!$A$2:$A$328,0)),"")
A16: W90030 | B16: O95030 | C16: A27068 | D16: 46081 | E16: FY26Q3 | F16: 4 | G16: Outbound | H16: S139 | I16: Advanced | J16: 1 | K16: 8437 | L16: =IFERROR(INDEX(play_attribution!$B$2:$B$328,MATCH(A7105,play_attribution!$A$2:$A$328,0)),"")
... A19: W90034 | B19: O95034 | C19: A27065 | D19: 46081 | E19: FY26Q3 | F19: 4 | G19: Outbound | H19: S136 | I19: Plus | J19: 1 | K19: 9230 | L19: =IFERROR(INDEX(play_attribution!$B$2:$B$328,MATCH(A7108,play_attribution!$A$2:$A$328,0)),"")
A20: W90004 | B20: O95004 | C20: A27203 | D20: 46088 | E20: FY26Q3 | F20: 5 | G20: Outbound | H20: S151 | I20: Plus | J20: 1 | K20: 6906 | L20: =IFERROR(INDEX(play_attribution!$B$2:$B$328,MATCH(A7240,play_attribution!$A$2:$A$328,0)),"")
A21: W90005 | B21: O95005 | C21: A27199 | D21: 46088 | E21: FY26Q3 | F21: 5 | G21: Outbound | H21: S149 | I21: Plus | J21: 1 | K21: 8649 | L21: =IFERROR(INDEX(play_attribution!$B$2:$B$328,MATCH(A7241,play_attribution!$A$2:$A$328,0)),"")
A22: W90006 | B22: O95006 | C22: A27193 | D22: 46088 | E22: FY26Q3 | F22: 5 | G22: Outbound | H22: S134 | I22: Plus | J22: 1 | K22: 11895 | L22: =IFERROR(INDEX(play_attribution!$B$2:$B$328,MATCH(A7242,play_attribution!$A$2:$A$328,0)),"")
A23: W90008 | B23: O95008 | C23: A27208 | D23: 46088 | E23: FY26Q3 | F23: 5 | G23: Outbound | H23: S147 | I23: Plus | J23: 1 | K23: 6202 | L23: =IFERROR(INDEX(play_attribution!$B$2:$B$328,MATCH(A7243,play_attribution!$A$2:$A$328,0)),"")
A24: W90012 | B24: O95012 | C24: A27198 | D24: 46088 | E24: FY26Q3 | F24: 5 | G24: Outbound | H24: S139 | I24: Advanced | J24: 1 | K24: 15225 | L24: =IFERROR(INDEX(play_attribution!$B$2:$B$328,MATCH(A7244,play_attribution!$A$2:$A$328,0)),"")
A25: W90016 | B25: O95016 | C25: A27196 | D25: 46088 | E25: FY26Q3 | F25: 5 | G25: Outbound | H25: S140 | I25: Plus | J25: 1 | K25: 7507 | L25: =IFERROR(INDEX(play_attribution!$B$2:$B$328,MATCH(A7245,play_attribution!$A$2:$A$328,0)),"")
A26: W90022 | B26: O95022 | C26: A27205 | D26: 46088 | E26: FY26Q3 | F26: 5 | G26: Outbound | H26: S148 | I26: Advanced | J26: 1 | K26: 9849 | L26: =IFERROR(INDEX(play_attribution!$B$2:$B$328,MATCH(A7246,play_attribution!$A$2:$A$328,0)),"")
A27: W90023 | B27: O95023 | C27: A27195 | D27: 46088 | E27: FY26Q3 | F27: 5 | G27: Outbound | H27: S147 | I27: Plus | J27: 1 | K27: 8625 | L27: =IFERROR(INDEX(play_attribution!$B$2:$B$328,MATCH(A7247,play_attribution!$A$2:$A$328,0)),"")
A28: W90029 | B28: O95029 | C28: A27201 | D28: 46088 | E28: FY26Q3 | F28: 5 | G28: Outbound | H28: S151 | I28: Advanced | J28: 1 | K28: 13094 | L28: =IFERROR(INDEX(play_attribution!$B$2:$B$328,MATCH(A7248,play_attribution!$A$2:$A$328,0)),"")
A29: W90000 | B29: O95000 | C29: A27335 | D29: 46095 | E29: FY26Q3 | F29: 6 | G29: Outbound | H29: S149 | I29: Plus | J29: 1 | K29: 12265 | L29: =IFERROR(INDEX(play_attribution!$B$2:$B$328,MATCH(A7382,play_attribution!$A$2:$A$328,0)),"")
A30: W90001 | B30: O95001 | C30: A27333 | D30: 46095 | E30: FY26Q3 | F30: 6 | G30: Outbound | H30: S137 | I30: Plus | J30: 1 | K30: 8363 | L30: =IFERROR(INDEX(play_attribution!$B$2:$B$328,MATCH(A7383,play_attribution!$A$2:$A$328,0)),"")
A31: W90003 | B31: O95003 | C31: A27337 | D31: 46095 | E31: FY26Q3 | F31: 6 | G31: Outbound | H31: S142 | I31: Plus | J31: 1 | K31: 5882 | L31: =IFERROR(INDEX(play_attribution!$B$2:$B$328,MATCH(A7384,play_attribution!$A$2:$A$328,0)),"")
A32: W90007 | B32: O95007 | C32: A27327 | D32: 46095 | E32: FY26Q3 | F32: 6 | G32: Outbound | H32: S142 | I32: Plus | J32: 1 | K32: 8973 | L32: =IFERROR(INDEX(play_attribution!$B$2:$B$328,MATCH(A7385,play_attribution!$A$2:$A$328,0)),"")
A33: W90009 | B33: O95009 | C33: A27325 | D33: 46095 | E33: FY26Q3 | F33: 6 | G33: Outbound | H33: S145 | I33: Plus | J33: 1 | K33: 8406 | L33: =IFERROR(INDEX(play_attribution!$B$2:$B$328,MATCH(A7386,play_attribution!$A$2:$A$328,0)),"")
A34: W90014 | B34: O95014 | C34: A27336 | D34: 46095 | E34: FY26Q3 | F34: 6 | G34: Outbound | H34: S135 | I34: Plus | J34: 1 | K34: 13183 | L34: =IFERROR(INDEX(play_attribution!$B$2:$B$328,MATCH(A7387,play_attribution!$A$2:$A$328,0)),"")
A35: W90017 | B35: O95017 | C35: A27329 | D35: 46095 | E35: FY26Q3 | F35: 6 | G35: Outbound | H35: S131 | I35: Advanced | J35: 1 | K35: 8260 | L35: =IFERROR(INDEX(play_attribution!$B$2:$B$328,MATCH(A7388,play_attribution!$A$2:$A$328,0)),"")
A36: W90019 | B36: O95019 | C36: A27324 | D36: 46095 | E36: FY26Q3 | F36: 6 | G36: Outbound | H36: S151 | I36: Plus | J36: 1 | K36: 7493 | L36: =IFERROR(INDEX(play_attribution!$B$2:$B$328,MATCH(A7389,play_attribution!$A$2:$A$328,0)),"")
A37: W90020 | B37: O95020 | C37: A27332 | D37: 46095 | E37: FY26Q3 | F37: 6 | G37: Outbound | H37: S142 | I37: Advanced | J37: 1 | K37: 6360 | L37: =IFERROR(INDEX(play_attribution!$B$2:$B$328,MATCH(A7390,play_attribution!$A$2:$A$328,0)),"")
A38: W90027 | B38: O95027 | C38: A27330 | D38: 46095 | E38: FY26Q3 | F38: 6 | G38: Outbound | H38: S141 | I38: Advanced | J38: 1 | K38: 8122 | L38: =IFERROR(INDEX(play_attribution!$B$2:$B$328,MATCH(A7391,play_attribution!$A$2:$A$328,0)),"")
A39: W90033 | B39: O95033 | C39: A27341 | D39: 46095 | E39: FY26Q3 | F39: 6 | G39: Outbound | H39: S133 | I39: Plus | J39: 1 | K39: 10002 | L39: =IFERROR(INDEX(play_attribution!$B$2:$B$328,MATCH(A7392,play_attribution!$A$2:$A$328,0)),"")

Sheet seller_roster
A1: seller_id | B1: seller_name | C1: channel | D1: start_date | E1: term_date | F1: weekly_quota_units
A2: S100 | B2: Pia Reyes | C2: Inbound | D2: 45596 | F2: 2
A3: S101 | B3: Devon Tran | C3: Inbound | D3: 45151 | F3: 2
A4: S102 | B4: Dakota Vega | C4: Inbound | D4: 45227 | F4: 2
A5: S103 | B5: Indigo Osei | C5: Inbound | D5: 44843 | F5: 2
A6: S104 | B6: Ray Reyes | C6: Inbound | D6: 45032 | F6: 2
A7: S105 | B7: Rhea Abadi | C7: Inbound | D7: 44643 | F7: 2
A8: S106 | B8: Parker Reyes | C8: Inbound | D8: 44992 | F8: 2
A9: S107 | B9: Blake Lindqvist | C9: Inbound | D9: 45417 | F9: 2
A10: S108 | B10: Emerson Reyes | C10: Inbound | D10: 45476 | F10: 2
A11: S109 | B11: Nia Mbeki | C11: Inbound | D11: 45537 | F11: 2
A12: S110 | B12: Val Reyes | C12: Inbound | D12: 45148 | F12: 2
A13: S111 | B13: Lennon Ferro | C13: Inbound | D13: 45220 | F13: 2
... A31: S129 | B31: Gray Vega | C31: Inbound | D31: 44804 | F31: 2
A32: S130 | B32: Finley Kowalski | C32: Outbound | D32: 45417 | E32: 46088 | F32: 1.4
A33: S131 | B33: Zion Ito | C33: Outbound | D33: 44870 | E33: 46116 | F33: 1.4
A34: S132 | B34: Pia Marsh | C34: Outbound | D34: 44790 | E34: 46144 | F34: 1.4
A35: S133 | B35: True Kowalski | C35: Outbound | D35: 45222 | E35: 46172 | F35: 1.4
A36: S134 | B36: Yael Okafor | C36: Outbound | D36: 45674 | E36: 46193 | F36: 1.4
A37: S135 | B37: Blake Ruiz | C37: Outbound | D37: 45579 | F37: 1.4
A38: S136 | B38: Jesse Silva | C38: Outbound | D38: 44915 | F38: 1.4
A39: S137 | B39: Nia Kowalski | C39: Outbound | D39: 44966 | F39: 1.4
A40: S138 | B40: Kira Bianchi | C40: Outbound | D40: 45133 | F40: 1.4
A41: S139 | B41: Skyler Okafor | C41: Outbound | D41: 45647 | F41: 1.4
A42: S140 | B42: Tatum Osei | C42: Outbound | D42: 45460 | F42: 1.4
A43: S141 | B43: Ray Moreau | C43: Outbound | D43: 44850 | F43: 1.4
A44: S142 | B44: Flor Bianchi | C44: Outbound | D44: 45355 | F44: 1.4
A45: S143 | B45: Hayden Sorensen | C45: Outbound | D45: 45662 | F45: 1.4
A46: S144 | B46: Tatum Ruiz | C46: Outbound | D46: 44567 | F46: 1.4
A47: S145 | B47: Hollis Abadi | C47: Outbound | D47: 45436 | F47: 1.4
A48: S146 | B48: Frankie Lindqvist | C48: Outbound | D48: 45659 | F48: 1.4
... A85: S183 | B85: Ellis Walsh | C85: Upgrades | D85: 46188 | F85: 2.2

Sheet accounts
A1: account_id | B1: industry | C1: annual_revenue_band | D1: employee_count | E1: region | F1: current_solution
A2: A20001 | B2: Hospitality Group | C2: $2.5M-$5M | D2: 50 | E2: West | F2: Spreadsheets
A3: A20002 | B3: Manufacturing | C3: $5M-$10M | D3: 114 | E3: Central | F3: Homegrown/ERP
A4: A20003 | B4: Manufacturing | C4: $2.5M-$5M | D4: 53 | E4: East | F4: Spreadsheets
A5: A20004 | B5: Manufacturing | C5: $2.5M-$5M | D5: 49 | E5: West | F5: Spreadsheets
A6: A20005 | B6: Wholesale & Distribution | C6: $5M-$10M | D6: 60 | E6: East | F6: Competitor cloud accounting
A7: A20006 | B7: Nonprofit | C7: $5M-$10M | D7: 92 | E7: East | F7: Desktop
A8: A20007 | B8: Nonprofit | C8: $2.5M-$5M | D8: 33 | E8: West | F8: Desktop
A9: A20008 | B9: Retail Multi-Location | C9: $5M-$10M | D9: 117 | E9: West | F9: Desktop
A10: A20009 | B10: Manufacturing | C10: $1M-$2.5M | D10: 22 | E10: East | F10: Competitor cloud accounting
A11: A20010 | B11: Healthcare Services | C11: $2.5M-$5M | D11: 28 | E11: East | F11: Spreadsheets
A12: A20011 | B12: Healthcare Services | C12: $2.5M-$5M | D12: 55 | E12: West | F12: Competitor cloud accounting
A13: A20012 | B13: Professional Services | C13: $2.5M-$5M | D13: 30 | E13: West | F13: Desktop
... A9615: A29614 | B9615: Healthcare Services | C9615: $2.5M-$5M | D9615: 32 | E9615: Central | F9615: Plus

Sheet Rep Variance
A1: Driver #2 -- rep-level variance. Outbound BAU (non-play) units AND ARR, FY26Q3 wk1-10 vs FY26Q4 wk1-10 -- reported together, never as a single number, since units and ARR can move differently per rep (see CLAUDE.md convention). Sorted worst units decline first. is_new_hire = started after the FY26Q3 comparison window closed (2026-04-11), so they have no prior-quarter baseline.
A2: seller_id | B2: seller_name | C2: start_date | D2: is_new_hire | E2: FY26Q3 units (wk1-10) | F2: FY26Q4 units (wk1-10) | G2: units_change | H2: FY26Q3 arr (wk1-10) | I2: FY26Q4 arr (wk1-10) | J2: arr_change
A3: S145 | B3: =VLOOKUP(A3,seller_roster!$A$2:$B$85,2,FALSE) -> Hollis Abadi | C3: =VLOOKUP(A3,seller_roster!$A$2:$D$85,4,FALSE) -> 45436 | D3: =C3>DATE(2026,4,11) -> FALSE | E3: =SUMIFS(wins!$J:$J,wins!$H:$H,A3,wins!$G:$G,"Outbound",wins!$E:$E,"FY26Q3",wins!$F:$F,"<=10",wins!$Q:$Q,TRUE) -> 19 | F3: =SUMIFS(wins!$J:$J,wins!$H:$H,A3,wins!$G:$G,"Outbound",wins!$E:$E,"FY26Q4",wins!$F:$F,"<=10",wins!$Q:$Q,TRUE) -> 2 | G3: =F3-E3 -> -17 | H3: =SUMIFS(wins!$K:$K,wins!$H:$H,A3,wins!$G:$G,"Outbound",wins!$E:$E,"FY26Q3",wins!$F:$F,"<=10",wins!$Q:$Q,TRUE) -> 170688 | I3: =SUMIFS(wins!$K:$K,wins!$H:$H,A3,wins!$G:$G,"Outbound",wins!$E:$E,"FY26Q4",wins!$F:$F,"<=10",wins!$Q:$Q,TRUE) -> 15634 | J3: =I3-H3 -> -155054
A4: S139 | B4: =VLOOKUP(A4,seller_roster!$A$2:$B$85,2,FALSE) -> Skyler Okafor | C4: =VLOOKUP(A4,seller_roster!$A$2:$D$85,4,FALSE) -> 45647 | D4: =C4>DATE(2026,4,11) -> FALSE | E4: =SUMIFS(wins!$J:$J,wins!$H:$H,A4,wins!$G:$G,"Outbound",wins!$E:$E,"FY26Q3",wins!$F:$F,"<=10",wins!$Q:$Q,TRUE) -> 20 | F4: =SUMIFS(wins!$J:$J,wins!$H:$H,A4,wins!$G:$G,"Outbound",wins!$E:$E,"FY26Q4",wins!$F:$F,"<=10",wins!$Q:$Q,TRUE) -> 4 | G4: =F4-E4 -> -16 | H4: =SUMIFS(wins!$K:$K,wins!$H:$H,A4,wins!$G:$G,"Outbound",wins!$E:$E,"FY26Q3",wins!$F:$F,"<=10",wins!$Q:$Q,TRUE) -> 174262 | I4: =SUMIFS(wins!$K:$K,wins!$H:$H,A4,wins!$G:$G,"Outbound",wins!$E:$E,"FY26Q4",wins!$F:$F,"<=10",wins!$Q:$Q,TRUE) -> 38486 | J4: =I4-H4 -> -135776
A5: S131 | B5: =VLOOKUP(A5,seller_roster!$A$2:$B$85,2,FALSE) -> Zion Ito | C5: =VLOOKUP(A5,seller_roster!$A$2:$D$85,4,FALSE) -> 44870 | D5: =C5>DATE(2026,4,11) -> FALSE | E5: =SUMIFS(wins!$J:$J,wins!$H:$H,A5,wins!$G:$G,"Outbound",wins!$E:$E,"FY26Q3",wins!$F:$F,"<=10",wins!$Q:$Q,TRUE) -> 11 | F5: =SUMIFS(wins!$J:$J,wins!$H:$H,A5,wins!$G:$G,"Outbound",wins!$E:$E,"FY26Q4",wins!$F:$F,"<=10",wins!$Q:$Q,TRUE) -> 0 | G5: =F5-E5 -> -11 | H5: =SUMIFS(wins!$K:$K,wins!$H:$H,A5,wins!$G:$G,"Outbound",wins!$E:$E,"FY26Q3",wins!$F:$F,"<=10",wins!$Q:$Q,TRUE) -> 99260 | I5: =SUMIFS(wins!$K:$K,wins!$H:$H,A5,wins!$G:$G,"Outbound",wins!$E:$E,"FY26Q4",wins!$F:$F,"<=10",wins!$Q:$Q,TRUE) -> 0 | J5: =I5-H5 -> -99260
A6: S133 | B6: =VLOOKUP(A6,seller_roster!$A$2:$B$85,2,FALSE) -> True Kowalski | C6: =VLOOKUP(A6,seller_roster!$A$2:$D$85,4,FALSE) -> 45222 | D6: =C6>DATE(2026,4,11) -> FALSE | E6: =SUMIFS(wins!$J:$J,wins!$H:$H,A6,wins!$G:$G,"Outbound",wins!$E:$E,"FY26Q3",wins!$F:$F,"<=10",wins!$Q:$Q,TRUE) -> 11 | F6: =SUMIFS(wins!$J:$J,wins!$H:$H,A6,wins!$G:$G,"Outbound",wins!$E:$E,"FY26Q4",wins!$F:$F,"<=10",wins!$Q:$Q,TRUE) -> 0 | G6: =F6-E6 -> -11 | H6: =SUMIFS(wins!$K:$K,wins!$H:$H,A6,wins!$G:$G,"Outbound",wins!$E:$E,"FY26Q3",wins!$F:$F,"<=10",wins!$Q:$Q,TRUE) -> 110405 | I6: =SUMIFS(wins!$K:$K,wins!$H:$H,A6,wins!$G:$G,"Outbound",wins!$E:$E,"FY26Q4",wins!$F:$F,"<=10",wins!$Q:$Q,TRUE) -> 0 | J6: =I6-H6 -> -110405
A7: S135 | B7: =VLOOKUP(A7,seller_roster!$A$2:$B$85,2,FALSE) -> Blake Ruiz | C7: =VLOOKUP(A7,seller_roster!$A$2:$D$85,4,FALSE) -> 45579 | D7: =C7>DATE(2026,4,11) -> FALSE | E7: =SUMIFS(wins!$J:$J,wins!$H:$H,A7,wins!$G:$G,"Outbound",wins!$E:$E,"FY26Q3",wins!$F:$F,"<=10",wins!$Q:$Q,TRUE) -> 16 | F7: =SUMIFS(wins!$J:$J,wins!$H:$H,A7,wins!$G:$G,"Outbound",wins!$E:$E,"FY26Q4",wins!$F:$F,"<=10",wins!$Q:$Q,TRUE) -> 5 | G7: =F7-E7 -> -11 | H7: =SUMIFS(wins!$K:$K,wins!$H:$H,A7,wins!$G:$G,"Outbound",wins!$E:$E,"FY26Q3",wins!$F:$F,"<=10",wins!$Q:$Q,TRUE) -> 144237 | I7: =SUMIFS(wins!$K:$K,wins!$H:$H,A7,wins!$G:$G,"Outbound",wins!$E:$E,"FY26Q4",wins!$F:$F,"<=10",wins!$Q:$Q,TRUE) -> 38811 | J7: =I7-H7 -> -105426
A8: S151 | B8: =VLOOKUP(A8,seller_roster!$A$2:$B$85,2,FALSE) -> Shiloh Petrov | C8: =VLOOKUP(A8,seller_roster!$A$2:$D$85,4,FALSE) -> 44754 | D8: =C8>DATE(2026,4,11) -> FALSE | E8: =SUMIFS(wins!$J:$J,wins!$H:$H,A8,wins!$G:$G,"Outbound",wins!$E:$E,"FY26Q3",wins!$F:$F,"<=10",wins!$Q:$Q,TRUE) -> 16 | F8: =SUMIFS(wins!$J:$J,wins!$H:$H,A8,wins!$G:$G,"Outbound",wins!$E:$E,"FY26Q4",wins!$F:$F,"<=10",wins!$Q:$Q,TRUE) -> 5 | G8: =F8-E8 -> -11 | H8: =SUMIFS(wins!$K:$K,wins!$H:$H,A8,wins!$G:$G,"Outbound",wins!$E:$E,"FY26Q3",wins!$F:$F,"<=10",wins!$Q:$Q,TRUE) -> 146177 | I8: =SUMIFS(wins!$K:$K,wins!$H:$H,A8,wins!$G:$G,"Outbound",wins!$E:$E,"FY26Q4",wins!$F:$F,"<=10",wins!$Q:$Q,TRUE) -> 45561 | J8: =I8-H8 -> -100616
A9: S150 | B9: =VLOOKUP(A9,seller_roster!$A$2:$B$85,2,FALSE) -> Bryn Lindqvist | C9: =VLOOKUP(A9,seller_roster!$A$2:$D$85,4,FALSE) -> 44832 | D9: =C9>DATE(2026,4,11) -> FALSE | E9: =SUMIFS(wins!$J:$J,wins!$H:$H,A9,wins!$G:$G,"Outbound",wins!$E:$E,"FY26Q3",wins!$F:$F,"<=10",wins!$Q:$Q,TRUE) -> 15 | F9: =SUMIFS(wins!$J:$J,wins!$H:$H,A9,wins!$G:$G,"Outbound",wins!$E:$E,"FY26Q4",wins!$F:$F,"<=10",wins!$Q:$Q,TRUE) -> 4 | G9: =F9-E9 -> -11 | H9: =SUMIFS(wins!$K:$K,wins!$H:$H,A9,wins!$G:$G,"Outbound",wins!$E:$E,"FY26Q3",wins!$F:$F,"<=10",wins!$Q:$Q,TRUE) -> 162685 | I9: =SUMIFS(wins!$K:$K,wins!$H:$H,A9,wins!$G:$G,"Outbound",wins!$E:$E,"FY26Q4",wins!$F:$F,"<=10",wins!$Q:$Q,TRUE) -> 41394 | J9: =I9-H9 -> -121291
A10: S132 | B10: =VLOOKUP(A10,seller_roster!$A$2:$B$85,2,FALSE) -> Pia Marsh | C10: =VLOOKUP(A10,seller_roster!$A$2:$D$85,4,FALSE) -> 44790 | D10: =C10>DATE(2026,4,11) -> FALSE | E10: =SUMIFS(wins!$J:$J,wins!$H:$H,A10,wins!$G:$G,"Outbound",wins!$E:$E,"FY26Q3",wins!$F:$F,"<=10",wins!$Q:$Q,TRUE) -> 10 | F10: =SUMIFS(wins!$J:$J,wins!$H:$H,A10,wins!$G:$G,"Outbound",wins!$E:$E,"FY26Q4",wins!$F:$F,"<=10",wins!$Q:$Q,TRUE) -> 0 | G10: =F10-E10 -> -10 | H10: =SUMIFS(wins!$K:$K,wins!$H:$H,A10,wins!$G:$G,"Outbound",wins!$E:$E,"FY26Q3",wins!$F:$F,"<=10",wins!$Q:$Q,TRUE) -> 99800 | I10: =SUMIFS(wins!$K:$K,wins!$H:$H,A10,wins!$G:$G,"Outbound",wins!$E:$E,"FY26Q4",wins!$F:$F,"<=10",wins!$Q:$Q,TRUE) -> 0 | J10: =I10-H10 -> -99800
A11: S134 | B11: =VLOOKUP(A11,seller_roster!$A$2:$B$85,2,FALSE) -> Yael Okafor | C11: =VLOOKUP(A11,seller_roster!$A$2:$D$85,4,FALSE) -> 45674 | D11: =C11>DATE(2026,4,11) -> FALSE | E11: =SUMIFS(wins!$J:$J,wins!$H:$H,A11,wins!$G:$G,"Outbound",wins!$E:$E,"FY26Q3",wins!$F:$F,"<=10",wins!$Q:$Q,TRUE) -> 11 | F11: =SUMIFS(wins!$J:$J,wins!$H:$H,A11,wins!$G:$G,"Outbound",wins!$E:$E,"FY26Q4",wins!$F:$F,"<=10",wins!$Q:$Q,TRUE) -> 1 | G11: =F11-E11 -> -10 | H11: =SUMIFS(wins!$K:$K,wins!$H:$H,A11,wins!$G:$G,"Outbound",wins!$E:$E,"FY26Q3",wins!$F:$F,"<=10",wins!$Q:$Q,TRUE) -> 113573 | I11: =SUMIFS(wins!$K:$K,wins!$H:$H,A11,wins!$G:$G,"Outbound",wins!$E:$E,"FY26Q4",wins!$F:$F,"<=10",wins!$Q:$Q,TRUE) -> 10324 | J11: =I11-H11 -> -103249
A12: S136 | B12: =VLOOKUP(A12,seller_roster!$A$2:$B$85,2,FALSE) -> Jesse Silva | C12: =VLOOKUP(A12,seller_roster!$A$2:$D$85,4,FALSE) -> 44915 | D12: =C12>DATE(2026,4,11) -> FALSE | E12: =SUMIFS(wins!$J:$J,wins!$H:$H,A12,wins!$G:$G,"Outbound",wins!$E:$E,"FY26Q3",wins!$F:$F,"<=10",wins!$Q:$Q,TRUE) -> 17 | F12: =SUMIFS(wins!$J:$J,wins!$H:$H,A12,wins!$G:$G,"Outbound",wins!$E:$E,"FY26Q4",wins!$F:$F,"<=10",wins!$Q:$Q,TRUE) -> 8 | G12: =F12-E12 -> -9 | H12: =SUMIFS(wins!$K:$K,wins!$H:$H,A12,wins!$G:$G,"Outbound",wins!$E:$E,"FY26Q3",wins!$F:$F,"<=10",wins!$Q:$Q,TRUE) -> 153550 | I12: =SUMIFS(wins!$K:$K,wins!$H:$H,A12,wins!$G:$G,"Outbound",wins!$E:$E,"FY26Q4",wins!$F:$F,"<=10",wins!$Q:$Q,TRUE) -> 74426 | J12: =I12-H12 -> -79124
A13: S142 | B13: =VLOOKUP(A13,seller_roster!$A$2:$B$85,2,FALSE) -> Flor Bianchi | C13: =VLOOKUP(A13,seller_roster!$A$2:$D$85,4,FALSE) -> 45355 | D13: =C13>DATE(2026,4,11) -> FALSE | E13: =SUMIFS(wins!$J:$J,wins!$H:$H,A13,wins!$G:$G,"Outbound",wins!$E:$E,"FY26Q3",wins!$F:$F,"<=10",wins!$Q:$Q,TRUE) -> 12 | F13: =SUMIFS(wins!$J:$J,wins!$H:$H,A13,wins!$G:$G,"Outbound",wins!$E:$E,"FY26Q4",wins!$F:$F,"<=10",wins!$Q:$Q,TRUE) -> 4 | G13: =F13-E13 -> -8 | H13: =SUMIFS(wins!$K:$K,wins!$H:$H,A13,wins!$G:$G,"Outbound",wins!$E:$E,"FY26Q3",wins!$F:$F,"<=10",wins!$Q:$Q,TRUE) -> 124777 | I13: =SUMIFS(wins!$K:$K,wins!$H:$H,A13,wins!$G:$G,"Outbound",wins!$E:$E,"FY26Q4",wins!$F:$F,"<=10",wins!$Q:$Q,TRUE) -> 37799 | J13: =I13-H13 -> -86978
A14: S137 | B14: =VLOOKUP(A14,seller_roster!$A$2:$B$85,2,FALSE) -> Nia Kowalski | C14: =VLOOKUP(A14,seller_roster!$A$2:$D$85,4,FALSE) -> 44966 | D14: =C14>DATE(2026,4,11) -> FALSE | E14: =SUMIFS(wins!$J:$J,wins!$H:$H,A14,wins!$G:$G,"Outbound",wins!$E:$E,"FY26Q3",wins!$F:$F,"<=10",wins!$Q:$Q,TRUE) -> 14 | F14: =SUMIFS(wins!$J:$J,wins!$H:$H,A14,wins!$G:$G,"Outbound",wins!$E:$E,"FY26Q4",wins!$F:$F,"<=10",wins!$Q:$Q,TRUE) -> 6 | G14: =F14-E14 -> -8 | H14: =SUMIFS(wins!$K:$K,wins!$H:$H,A14,wins!$G:$G,"Outbound",wins!$E:$E,"FY26Q3",wins!$F:$F,"<=10",wins!$Q:$Q,TRUE) -> 154780 | I14: =SUMIFS(wins!$K:$K,wins!$H:$H,A14,wins!$G:$G,"Outbound",wins!$E:$E,"FY26Q4",wins!$F:$F,"<=10",wins!$Q:$Q,TRUE) -> 63295 | J14: =I14-H14 -> -91485
... A27: S178 | B27: =VLOOKUP(A27,seller_roster!$A$2:$B$85,2,FALSE) -> Lennon Okafor | C27: =VLOOKUP(A27,seller_roster!$A$2:$D$85,4,FALSE) -> 46132 | D27: =C27>DATE(2026,4,11) -> TRUE | E27: =SUMIFS(wins!$J:$J,wins!$H:$H,A27,wins!$G:$G,"Outbound",wins!$E:$E,"FY26Q3",wins!$F:$F,"<=10",wins!$Q:$Q,TRUE) -> 0 | F27: =SUMIFS(wins!$J:$J,wins!$H:$H,A27,wins!$G:$G,"Outbound",wins!$E:$E,"FY26Q4",wins!$F:$F,"<=10",wins!$Q:$Q,TRUE) -> 6 | G27: =F27-E27 -> 6 | H27: =SUMIFS(wins!$K:$K,wins!$H:$H,A27,wins!$G:$G,"Outbound",wins!$E:$E,"FY26Q3",wins!$F:$F,"<=10",wins!$Q:$Q,TRUE) -> 0 | I27: =SUMIFS(wins!$K:$K,wins!$H:$H,A27,wins!$G:$G,"Outbound",wins!$E:$E,"FY26Q4",wins!$F:$F,"<=10",wins!$Q:$Q,TRUE) -> 51649 | J27: =I27-H27 -> 51649
A29: Tenured reps active in FY26Q3 (is_new_hire=FALSE, FY26Q3 units>0):
A30: declined (units / arr) | B30: =COUNTIFS($D$3:$D$27,FALSE,$E$3:$E$27,">0",$G$3:$G$27,"<0") -> 20 | C30: =COUNTIFS($D$3:$D$27,FALSE,$E$3:$E$27,">0",$J$3:$J$27,"<0") -> 20
A31: increased (units / arr) | B31: =COUNTIFS($D$3:$D$27,FALSE,$E$3:$E$27,">0",$G$3:$G$27,">0") -> 1 | C31: =COUNTIFS($D$3:$D$27,FALSE,$E$3:$E$27,">0",$J$3:$J$27,">0") -> 2
A32: flat (units / arr) | B32: =COUNTIFS($D$3:$D$27,FALSE,$E$3:$E$27,">0",$G$3:$G$27,0) -> 1 | C32: =COUNTIFS($D$3:$D$27,FALSE,$E$3:$E$27,">0",$J$3:$J$27,0) -> 0

Sheet Account Mix
A1: Driver #3 -- account mix shift. Outbound BAU (non-play) units AND ARR by industry / revenue band / region, FY26Q3 wk1-10 vs FY26Q4 wk1-10. unit_share_%/arr_share_% show each category's share of that quarter's total on each metric separately -- a stable unit share with a GROWING arr share means the category is winning a bigger piece of the (shrinking) ARR pie even though its unit count fell like everyone else's, i.e. avg_deal_size moved for that category specifically.
A3: industry
A4: category | B4: FY26Q3 units | C4: FY26Q4 units | D4: FY26Q3 unit_share_% | E4: FY26Q4 unit_share_% | F4: units_change_% | G4: FY26Q3 arr | H4: FY26Q4 arr | I4: FY26Q3 arr_share_% | J4: FY26Q4 arr_share_% | K4: arr_change_% | L4: avg_deal_FY26Q3 | M4: avg_deal_FY26Q4
A5: Professional Services | B5: =SUMIFS(wins!$J:$J,wins!$G:$G,"Outbound",wins!$Q:$Q,TRUE,wins!$E:$E,"FY26Q3",wins!$F:$F,"<=10",wins!$N:$N,"="&$A5) -> 35 | C5: =SUMIFS(wins!$J:$J,wins!$G:$G,"Outbound",wins!$Q:$Q,TRUE,wins!$E:$E,"FY26Q4",wins!$F:$F,"<=10",wins!$N:$N,"="&$A5) -> 12 | D5: =B5/SUM($B$5:$B$14)*100 -> 12.962963 | E5: =C5/SUM($C$5:$C$14)*100 -> 11.650485 | F5: =(C5/B5-1)*100 -> -65.714286 | G5: =SUMIFS(wins!$K:$K,wins!$G:$G,"Outbound",wins!$Q:$Q,TRUE,wins!$E:$E,"FY26Q3",wins!$F:$F,"<=10",wins!$N:$N,"="&$A5) -> 345110 | H5: =SUMIFS(wins!$K:$K,wins!$G:$G,"Outbound",wins!$Q:$Q,TRUE,wins!$E:$E,"FY26Q4",wins!$F:$F,"<=10",wins!$N:$N,"="&$A5) -> 117968 | I5: =G5/SUM($G$5:$G$14)*100 -> 13.363615 | J5: =H5/SUM($H$5:$H$14)*100 -> 12.19426 | K5: =(H5/G5-1)*100 -> -65.817276 | L5: =G5/B5 -> 9860.2857 | M5: =H5/C5 -> 9830.6667
A6: Retail Multi-Location | B6: =SUMIFS(wins!$J:$J,wins!$G:$G,"Outbound",wins!$Q:$Q,TRUE,wins!$E:$E,"FY26Q3",wins!$F:$F,"<=10",wins!$N:$N,"="&$A6) -> 32 | C6: =SUMIFS(wins!$J:$J,wins!$G:$G,"Outbound",wins!$Q:$Q,TRUE,wins!$E:$E,"FY26Q4",wins!$F:$F,"<=10",wins!$N:$N,"="&$A6) -> 15 | D6: =B6/SUM($B$5:$B$14)*100 -> 11.851852 | E6: =C6/SUM($C$5:$C$14)*100 -> 14.563107 | F6: =(C6/B6-1)*100 -> -53.125 | G6: =SUMIFS(wins!$K:$K,wins!$G:$G,"Outbound",wins!$Q:$Q,TRUE,wins!$E:$E,"FY26Q3",wins!$F:$F,"<=10",wins!$N:$N,"="&$A6) -> 321962 | H6: =SUMIFS(wins!$K:$K,wins!$G:$G,"Outbound",wins!$Q:$Q,TRUE,wins!$E:$E,"FY26Q4",wins!$F:$F,"<=10",wins!$N:$N,"="&$A6) -> 151263 | I6: =G6/SUM($G$5:$G$14)*100 -> 12.46726 | J6: =H6/SUM($H$5:$H$14)*100 -> 15.635938 | K6: =(H6/G6-1)*100 -> -53.018369 | L6: =G6/B6 -> 10061.312 | M6: =H6/C6 -> 10084.2
A7: Hospitality Group | B7: =SUMIFS(wins!$J:$J,wins!$G:$G,"Outbound",wins!$Q:$Q,TRUE,wins!$E:$E,"FY26Q3",wins!$F:$F,"<=10",wins!$N:$N,"="&$A7) -> 30 | C7: =SUMIFS(wins!$J:$J,wins!$G:$G,"Outbound",wins!$Q:$Q,TRUE,wins!$E:$E,"FY26Q4",wins!$F:$F,"<=10",wins!$N:$N,"="&$A7) -> 7 | D7: =B7/SUM($B$5:$B$14)*100 -> 11.111111 | E7: =C7/SUM($C$5:$C$14)*100 -> 6.7961165 | F7: =(C7/B7-1)*100 -> -76.666667 | G7: =SUMIFS(wins!$K:$K,wins!$G:$G,"Outbound",wins!$Q:$Q,TRUE,wins!$E:$E,"FY26Q3",wins!$F:$F,"<=10",wins!$N:$N,"="&$A7) -> 276309 | H7: =SUMIFS(wins!$K:$K,wins!$G:$G,"Outbound",wins!$Q:$Q,TRUE,wins!$E:$E,"FY26Q4",wins!$F:$F,"<=10",wins!$N:$N,"="&$A7) -> 54029 | I7: =G7/SUM($G$5:$G$14)*100 -> 10.699449 | J7: =H7/SUM($H$5:$H$14)*100 -> 5.5849354 | K7: =(H7/G7-1)*100 -> -80.446167 | L7: =G7/B7 -> 9210.3 | M7: =H7/C7 -> 7718.4286
A8: Construction | B8: =SUMIFS(wins!$J:$J,wins!$G:$G,"Outbound",wins!$Q:$Q,TRUE,wins!$E:$E,"FY26Q3",wins!$F:$F,"<=10",wins!$N:$N,"="&$A8) -> 29 | C8: =SUMIFS(wins!$J:$J,wins!$G:$G,"Outbound",wins!$Q:$Q,TRUE,wins!$E:$E,"FY26Q4",wins!$F:$F,"<=10",wins!$N:$N,"="&$A8) -> 9 | D8: =B8/SUM($B$5:$B$14)*100 -> 10.740741 | E8: =C8/SUM($C$5:$C$14)*100 -> 8.7378641 | F8: =(C8/B8-1)*100 -> -68.965517 | G8: =SUMIFS(wins!$K:$K,wins!$G:$G,"Outbound",wins!$Q:$Q,TRUE,wins!$E:$E,"FY26Q3",wins!$F:$F,"<=10",wins!$N:$N,"="&$A8) -> 267170 | H8: =SUMIFS(wins!$K:$K,wins!$G:$G,"Outbound",wins!$Q:$Q,TRUE,wins!$E:$E,"FY26Q4",wins!$F:$F,"<=10",wins!$N:$N,"="&$A8) -> 91265 | I8: =G8/SUM($G$5:$G$14)*100 -> 10.345562 | J8: =H8/SUM($H$5:$H$14)*100 -> 9.4339915 | K8: =(H8/G8-1)*100 -> -65.840102 | L8: =G8/B8 -> 9212.7586 | M8: =H8/C8 -> 10140.556
A9: Healthcare Services | B9: =SUMIFS(wins!$J:$J,wins!$G:$G,"Outbound",wins!$Q:$Q,TRUE,wins!$E:$E,"FY26Q3",wins!$F:$F,"<=10",wins!$N:$N,"="&$A9) -> 29 | C9: =SUMIFS(wins!$J:$J,wins!$G:$G,"Outbound",wins!$Q:$Q,TRUE,wins!$E:$E,"FY26Q4",wins!$F:$F,"<=10",wins!$N:$N,"="&$A9) -> 10 | D9: =B9/SUM($B$5:$B$14)*100 -> 10.740741 | E9: =C9/SUM($C$5:$C$14)*100 -> 9.7087379 | F9: =(C9/B9-1)*100 -> -65.517241 | G9: =SUMIFS(wins!$K:$K,wins!$G:$G,"Outbound",wins!$Q:$Q,TRUE,wins!$E:$E,"FY26Q3",wins!$F:$F,"<=10",wins!$N:$N,"="&$A9) -> 261892 | H9: =SUMIFS(wins!$K:$K,wins!$G:$G,"Outbound",wins!$Q:$Q,TRUE,wins!$E:$E,"FY26Q4",wins!$F:$F,"<=10",wins!$N:$N,"="&$A9) -> 91252 | I9: =G9/SUM($G$5:$G$14)*100 -> 10.141183 | J9: =H9/SUM($H$5:$H$14)*100 -> 9.4326477 | K9: =(H9/G9-1)*100 -> -65.156629 | L9: =G9/B9 -> 9030.7586 | M9: =H9/C9 -> 9125.2
A10: Field Services | B10: =SUMIFS(wins!$J:$J,wins!$G:$G,"Outbound",wins!$Q:$Q,TRUE,wins!$E:$E,"FY26Q3",wins!$F:$F,"<=10",wins!$N:$N,"="&$A10) -> 25 | C10: =SUMIFS(wins!$J:$J,wins!$G:$G,"Outbound",wins!$Q:$Q,TRUE,wins!$E:$E,"FY26Q4",wins!$F:$F,"<=10",wins!$N:$N,"="&$A10) -> 11 | D10: =B10/SUM($B$5:$B$14)*100 -> 9.2592593 | E10: =C10/SUM($C$5:$C$14)*100 -> 10.679612 | F10: =(C10/B10-1)*100 -> -56 | G10: =SUMIFS(wins!$K:$K,wins!$G:$G,"Outbound",wins!$Q:$Q,TRUE,wins!$E:$E,"FY26Q3",wins!$F:$F,"<=10",wins!$N:$N,"="&$A10) -> 241417 | H10: =SUMIFS(wins!$K:$K,wins!$G:$G,"Outbound",wins!$Q:$Q,TRUE,wins!$E:$E,"FY26Q4",wins!$F:$F,"<=10",wins!$N:$N,"="&$A10) -> 88932 | I10: =G10/SUM($G$5:$G$14)*100 -> 9.3483345 | J10: =H10/SUM($H$5:$H$14)*100 -> 9.1928311 | K10: =(H10/G10-1)*100 -> -63.162495 | L10: =G10/B10 -> 9656.68 | M10: =H10/C10 -> 8084.7273
A11: Manufacturing | B11: =SUMIFS(wins!$J:$J,wins!$G:$G,"Outbound",wins!$Q:$Q,TRUE,wins!$E:$E,"FY26Q3",wins!$F:$F,"<=10",wins!$N:$N,"="&$A11) -> 24 | C11: =SUMIFS(wins!$J:$J,wins!$G:$G,"Outbound",wins!$Q:$Q,TRUE,wins!$E:$E,"FY26Q4",wins!$F:$F,"<=10",wins!$N:$N,"="&$A11) -> 10 | D11: =B11/SUM($B$5:$B$14)*100 -> 8.8888889 | E11: =C11/SUM($C$5:$C$14)*100 -> 9.7087379 | F11: =(C11/B11-1)*100 -> -58.333333 | G11: =SUMIFS(wins!$K:$K,wins!$G:$G,"Outbound",wins!$Q:$Q,TRUE,wins!$E:$E,"FY26Q3",wins!$F:$F,"<=10",wins!$N:$N,"="&$A11) -> 241885 | H11: =SUMIFS(wins!$K:$K,wins!$G:$G,"Outbound",wins!$Q:$Q,TRUE,wins!$E:$E,"FY26Q4",wins!$F:$F,"<=10",wins!$N:$N,"="&$A11) -> 96167 | I11: =G11/SUM($G$5:$G$14)*100 -> 9.3664568 | J11: =H11/SUM($H$5:$H$14)*100 -> 9.9407074 | K11: =(H11/G11-1)*100 -> -60.242677 | L11: =G11/B11 -> 10078.542 | M11: =H11/C11 -> 9616.7
A12: Logistics | B12: =SUMIFS(wins!$J:$J,wins!$G:$G,"Outbound",wins!$Q:$Q,TRUE,wins!$E:$E,"FY26Q3",wins!$F:$F,"<=10",wins!$N:$N,"="&$A12) -> 23 | C12: =SUMIFS(wins!$J:$J,wins!$G:$G,"Outbound",wins!$Q:$Q,TRUE,wins!$E:$E,"FY26Q4",wins!$F:$F,"<=10",wins!$N:$N,"="&$A12) -> 11 | D12: =B12/SUM($B$5:$B$14)*100 -> 8.5185185 | E12: =C12/SUM($C$5:$C$14)*100 -> 10.679612 | F12: =(C12/B12-1)*100 -> -52.173913 | G12: =SUMIFS(wins!$K:$K,wins!$G:$G,"Outbound",wins!$Q:$Q,TRUE,wins!$E:$E,"FY26Q3",wins!$F:$F,"<=10",wins!$N:$N,"="&$A12) -> 243068 | H12: =SUMIFS(wins!$K:$K,wins!$G:$G,"Outbound",wins!$Q:$Q,TRUE,wins!$E:$E,"FY26Q4",wins!$F:$F,"<=10",wins!$N:$N,"="&$A12) -> 101112 | I12: =G12/SUM($G$5:$G$14)*100 -> 9.4122658 | J12: =H12/SUM($H$5:$H$14)*100 -> 10.451868 | K12: =(H12/G12-1)*100 -> -58.401764 | L12: =G12/B12 -> 10568.174 | M12: =H12/C12 -> 9192
A13: Nonprofit | B13: =SUMIFS(wins!$J:$J,wins!$G:$G,"Outbound",wins!$Q:$Q,TRUE,wins!$E:$E,"FY26Q3",wins!$F:$F,"<=10",wins!$N:$N,"="&$A13) -> 22 | C13: =SUMIFS(wins!$J:$J,wins!$G:$G,"Outbound",wins!$Q:$Q,TRUE,wins!$E:$E,"FY26Q4",wins!$F:$F,"<=10",wins!$N:$N,"="&$A13) -> 7 | D13: =B13/SUM($B$5:$B$14)*100 -> 8.1481481 | E13: =C13/SUM($C$5:$C$14)*100 -> 6.7961165 | F13: =(C13/B13-1)*100 -> -68.181818 | G13: =SUMIFS(wins!$K:$K,wins!$G:$G,"Outbound",wins!$Q:$Q,TRUE,wins!$E:$E,"FY26Q3",wins!$F:$F,"<=10",wins!$N:$N,"="&$A13) -> 193724 | H13: =SUMIFS(wins!$K:$K,wins!$G:$G,"Outbound",wins!$Q:$Q,TRUE,wins!$E:$E,"FY26Q4",wins!$F:$F,"<=10",wins!$N:$N,"="&$A13) -> 67250 | I13: =G13/SUM($G$5:$G$14)*100 -> 7.5015295 | J13: =H13/SUM($H$5:$H$14)*100 -> 6.9515798 | K13: =(H13/G13-1)*100 -> -65.285664 | L13: =G13/B13 -> 8805.6364 | M13: =H13/C13 -> 9607.1429
A14: Wholesale & Distribution | B14: =SUMIFS(wins!$J:$J,wins!$G:$G,"Outbound",wins!$Q:$Q,TRUE,wins!$E:$E,"FY26Q3",wins!$F:$F,"<=10",wins!$N:$N,"="&$A14) -> 21 | C14: =SUMIFS(wins!$J:$J,wins!$G:$G,"Outbound",wins!$Q:$Q,TRUE,wins!$E:$E,"FY26Q4",wins!$F:$F,"<=10",wins!$N:$N,"="&$A14) -> 11 | D14: =B14/SUM($B$5:$B$14)*100 -> 7.7777778 | E14: =C14/SUM($C$5:$C$14)*100 -> 10.679612 | F14: =(C14/B14-1)*100 -> -47.619048 | G14: =SUMIFS(wins!$K:$K,wins!$G:$G,"Outbound",wins!$Q:$Q,TRUE,wins!$E:$E,"FY26Q3",wins!$F:$F,"<=10",wins!$N:$N,"="&$A14) -> 189923 | H14: =SUMIFS(wins!$K:$K,wins!$G:$G,"Outbound",wins!$Q:$Q,TRUE,wins!$E:$E,"FY26Q4",wins!$F:$F,"<=10",wins!$N:$N,"="&$A14) -> 108168 | I14: =G14/SUM($G$5:$G$14)*100 -> 7.3543443 | J14: =H14/SUM($H$5:$H$14)*100 -> 11.181241 | K14: =(H14/G14-1)*100 -> -43.046392 | L14: =G14/B14 -> 9043.9524 | M14: =H14/C14 -> 9833.4545
A17: annual_revenue_band
A18: category | B18: FY26Q3 units | C18: FY26Q4 units | D18: FY26Q3 unit_share_% | E18: FY26Q4 unit_share_% | F18: units_change_% | G18: FY26Q3 arr | H18: FY26Q4 arr | I18: FY26Q3 arr_share_% | J18: FY26Q4 arr_share_% | K18: arr_change_% | L18: avg_deal_FY26Q3 | M18: avg_deal_FY26Q4
A19: $2.5M-$5M | B19: =SUMIFS(wins!$J:$J,wins!$G:$G,"Outbound",wins!$Q:$Q,TRUE,wins!$E:$E,"FY26Q3",wins!$F:$F,"<=10",wins!$O:$O,"="&$A19) -> 129 | C19: =SUMIFS(wins!$J:$J,wins!$G:$G,"Outbound",wins!$Q:$Q,TRUE,wins!$E:$E,"FY26Q4",wins!$F:$F,"<=10",wins!$O:$O,"="&$A19) -> 44 | D19: =B19/SUM($B$19:$B$23)*100 -> 47.777778 | E19: =C19/SUM($C$19:$C$23)*100 -> 42.718447 | F19: =(C19/B19-1)*100 -> -65.891473 | G19: =SUMIFS(wins!$K:$K,wins!$G:$G,"Outbound",wins!$Q:$Q,TRUE,wins!$E:$E,"FY26Q3",wins!$F:$F,"<=10",wins!$O:$O,"="&$A19) -> 1247476 | H19: =SUMIFS(wins!$K:$K,wins!$G:$G,"Outbound",wins!$Q:$Q,TRUE,wins!$E:$E,"FY26Q4",wins!$F:$F,"<=10",wins!$O:$O,"="&$A19) -> 415683 | I19: =G19/SUM($G$19:$G$23)*100 -> 48.305724 | J19: =H19/SUM($H$19:$H$23)*100 -> 42.968826 | K19: =(H19/G19-1)*100 -> -66.678076 | L19: =G19/B19 -> 9670.3566 | M19: =H19/C19 -> 9447.3409
A20: $5M-$10M | B20: =SUMIFS(wins!$J:$J,wins!$G:$G,"Outbound",wins!$Q:$Q,TRUE,wins!$E:$E,"FY26Q3",wins!$F:$F,"<=10",wins!$O:$O,"="&$A20) -> 89 | C20: =SUMIFS(wins!$J:$J,wins!$G:$G,"Outbound",wins!$Q:$Q,TRUE,wins!$E:$E,"FY26Q4",wins!$F:$F,"<=10",wins!$O:$O,"="&$A20) -> 36 | D20: =B20/SUM($B$19:$B$23)*100 -> 32.962963 | E20: =C20/SUM($C$19:$C$23)*100 -> 34.951456 | F20: =(C20/B20-1)*100 -> -59.550562 | G20: =SUMIFS(wins!$K:$K,wins!$G:$G,"Outbound",wins!$Q:$Q,TRUE,wins!$E:$E,"FY26Q3",wins!$F:$F,"<=10",wins!$O:$O,"="&$A20) -> 838892 | H20: =SUMIFS(wins!$K:$K,wins!$G:$G,"Outbound",wins!$Q:$Q,TRUE,wins!$E:$E,"FY26Q4",wins!$F:$F,"<=10",wins!$O:$O,"="&$A20) -> 324942 | I20: =G20/SUM($G$19:$G$23)*100 -> 32.48422 | J20: =H20/SUM($H$19:$H$23)*100 -> 33.589 | K20: =(H20/G20-1)*100 -> -61.265336 | L20: =G20/B20 -> 9425.7528 | M20: =H20/C20 -> 9026.1667
A21: >$10M | B21: =SUMIFS(wins!$J:$J,wins!$G:$G,"Outbound",wins!$Q:$Q,TRUE,wins!$E:$E,"FY26Q3",wins!$F:$F,"<=10",wins!$O:$O,"="&$A21) -> 28 | C21: =SUMIFS(wins!$J:$J,wins!$G:$G,"Outbound",wins!$Q:$Q,TRUE,wins!$E:$E,"FY26Q4",wins!$F:$F,"<=10",wins!$O:$O,"="&$A21) -> 8 | D21: =B21/SUM($B$19:$B$23)*100 -> 10.37037 | E21: =C21/SUM($C$19:$C$23)*100 -> 7.7669903 | F21: =(C21/B21-1)*100 -> -71.428571 | G21: =SUMIFS(wins!$K:$K,wins!$G:$G,"Outbound",wins!$Q:$Q,TRUE,wins!$E:$E,"FY26Q3",wins!$F:$F,"<=10",wins!$O:$O,"="&$A21) -> 268478 | H21: =SUMIFS(wins!$K:$K,wins!$G:$G,"Outbound",wins!$Q:$Q,TRUE,wins!$E:$E,"FY26Q4",wins!$F:$F,"<=10",wins!$O:$O,"="&$A21) -> 85961 | I21: =G21/SUM($G$19:$G$23)*100 -> 10.396211 | J21: =H21/SUM($H$19:$H$23)*100 -> 8.8857212 | K21: =(H21/G21-1)*100 -> -67.982107 | L21: =G21/B21 -> 9588.5 | M21: =H21/C21 -> 10745.125
A22: $1M-$2.5M | B22: =SUMIFS(wins!$J:$J,wins!$G:$G,"Outbound",wins!$Q:$Q,TRUE,wins!$E:$E,"FY26Q3",wins!$F:$F,"<=10",wins!$O:$O,"="&$A22) -> 17 | C22: =SUMIFS(wins!$J:$J,wins!$G:$G,"Outbound",wins!$Q:$Q,TRUE,wins!$E:$E,"FY26Q4",wins!$F:$F,"<=10",wins!$O:$O,"="&$A22) -> 9 | D22: =B22/SUM($B$19:$B$23)*100 -> 6.2962963 | E22: =C22/SUM($C$19:$C$23)*100 -> 8.7378641 | F22: =(C22/B22-1)*100 -> -47.058824 | G22: =SUMIFS(wins!$K:$K,wins!$G:$G,"Outbound",wins!$Q:$Q,TRUE,wins!$E:$E,"FY26Q3",wins!$F:$F,"<=10",wins!$O:$O,"="&$A22) -> 155188 | H22: =SUMIFS(wins!$K:$K,wins!$G:$G,"Outbound",wins!$Q:$Q,TRUE,wins!$E:$E,"FY26Q4",wins!$F:$F,"<=10",wins!$O:$O,"="&$A22) -> 94889 | I22: =G22/SUM($G$19:$G$23)*100 -> 6.009309 | J22: =H22/SUM($H$19:$H$23)*100 -> 9.8086016 | K22: =(H22/G22-1)*100 -> -38.855453 | L22: =G22/B22 -> 9128.7059 | M22: =H22/C22 -> 10543.222
A23: <$1M | B23: =SUMIFS(wins!$J:$J,wins!$G:$G,"Outbound",wins!$Q:$Q,TRUE,wins!$E:$E,"FY26Q3",wins!$F:$F,"<=10",wins!$O:$O,"="&$A23) -> 7 | C23: =SUMIFS(wins!$J:$J,wins!$G:$G,"Outbound",wins!$Q:$Q,TRUE,wins!$E:$E,"FY26Q4",wins!$F:$F,"<=10",wins!$O:$O,"="&$A23) -> 6 | D23: =B23/SUM($B$19:$B$23)*100 -> 2.5925926 | E23: =C23/SUM($C$19:$C$23)*100 -> 5.8252427 | F23: =(C23/B23-1)*100 -> -14.285714 | G23: =SUMIFS(wins!$K:$K,wins!$G:$G,"Outbound",wins!$Q:$Q,TRUE,wins!$E:$E,"FY26Q3",wins!$F:$F,"<=10",wins!$O:$O,"="&$A23) -> 72426 | H23: =SUMIFS(wins!$K:$K,wins!$G:$G,"Outbound",wins!$Q:$Q,TRUE,wins!$E:$E,"FY26Q4",wins!$F:$F,"<=10",wins!$O:$O,"="&$A23) -> 45931 | I23: =G23/SUM($G$19:$G$23)*100 -> 2.8045352 | J23: =H23/SUM($H$19:$H$23)*100 -> 4.7478515 | K23: =(H23/G23-1)*100 -> -36.582167 | L23: =G23/B23 -> 10346.571 | M23: =H23/C23 -> 7655.1667
A26: region
A27: category | B27: FY26Q3 units | C27: FY26Q4 units | D27: FY26Q3 unit_share_% | E27: FY26Q4 unit_share_% | F27: units_change_% | G27: FY26Q3 arr | H27: FY26Q4 arr | I27: FY26Q3 arr_share_% | J27: FY26Q4 arr_share_% | K27: arr_change_% | L27: avg_deal_FY26Q3 | M27: avg_deal_FY26Q4
A28: East | B28: =SUMIFS(wins!$J:$J,wins!$G:$G,"Outbound",wins!$Q:$Q,TRUE,wins!$E:$E,"FY26Q3",wins!$F:$F,"<=10",wins!$P:$P,"="&$A28) -> 104 | C28: =SUMIFS(wins!$J:$J,wins!$G:$G,"Outbound",wins!$Q:$Q,TRUE,wins!$E:$E,"FY26Q4",wins!$F:$F,"<=10",wins!$P:$P,"="&$A28) -> 41 | D28: =B28/SUM($B$28:$B$30)*100 -> 38.518519 | E28: =C28/SUM($C$28:$C$30)*100 -> 39.805825 | F28: =(C28/B28-1)*100 -> -60.576923 | G28: =SUMIFS(wins!$K:$K,wins!$G:$G,"Outbound",wins!$Q:$Q,TRUE,wins!$E:$E,"FY26Q3",wins!$F:$F,"<=10",wins!$P:$P,"="&$A28) -> 993369 | H28: =SUMIFS(wins!$K:$K,wins!$G:$G,"Outbound",wins!$Q:$Q,TRUE,wins!$E:$E,"FY26Q4",wins!$F:$F,"<=10",wins!$P:$P,"="&$A28) -> 402961 | I28: =G28/SUM($G$28:$G$30)*100 -> 38.465998 | J28: =H28/SUM($H$28:$H$30)*100 -> 41.653763 | K28: =(H28/G28-1)*100 -> -59.434913 | L28: =G28/B28 -> 9551.625 | M28: =H28/C28 -> 9828.3171
A29: West | B29: =SUMIFS(wins!$J:$J,wins!$G:$G,"Outbound",wins!$Q:$Q,TRUE,wins!$E:$E,"FY26Q3",wins!$F:$F,"<=10",wins!$P:$P,"="&$A29) -> 92 | C29: =SUMIFS(wins!$J:$J,wins!$G:$G,"Outbound",wins!$Q:$Q,TRUE,wins!$E:$E,"FY26Q4",wins!$F:$F,"<=10",wins!$P:$P,"="&$A29) -> 35 | D29: =B29/SUM($B$28:$B$30)*100 -> 34.074074 | E29: =C29/SUM($C$28:$C$30)*100 -> 33.980583 | F29: =(C29/B29-1)*100 -> -61.956522 | G29: =SUMIFS(wins!$K:$K,wins!$G:$G,"Outbound",wins!$Q:$Q,TRUE,wins!$E:$E,"FY26Q3",wins!$F:$F,"<=10",wins!$P:$P,"="&$A29) -> 881085 | H29: =SUMIFS(wins!$K:$K,wins!$G:$G,"Outbound",wins!$Q:$Q,TRUE,wins!$E:$E,"FY26Q4",wins!$F:$F,"<=10",wins!$P:$P,"="&$A29) -> 309344 | I29: =G29/SUM($G$28:$G$30)*100 -> 34.11805 | J29: =H29/SUM($H$28:$H$30)*100 -> 31.976647 | K29: =(H29/G29-1)*100 -> -64.890561 | L29: =G29/B29 -> 9577.0109 | M29: =H29/C29 -> 8838.4
A30: Central | B30: =SUMIFS(wins!$J:$J,wins!$G:$G,"Outbound",wins!$Q:$Q,TRUE,wins!$E:$E,"FY26Q3",wins!$F:$F,"<=10",wins!$P:$P,"="&$A30) -> 74 | C30: =SUMIFS(wins!$J:$J,wins!$G:$G,"Outbound",wins!$Q:$Q,TRUE,wins!$E:$E,"FY26Q4",wins!$F:$F,"<=10",wins!$P:$P,"="&$A30) -> 27 | D30: =B30/SUM($B$28:$B$30)*100 -> 27.407407 | E30: =C30/SUM($C$28:$C$30)*100 -> 26.213592 | F30: =(C30/B30-1)*100 -> -63.513514 | G30: =SUMIFS(wins!$K:$K,wins!$G:$G,"Outbound",wins!$Q:$Q,TRUE,wins!$E:$E,"FY26Q3",wins!$F:$F,"<=10",wins!$P:$P,"="&$A30) -> 708006 | H30: =SUMIFS(wins!$K:$K,wins!$G:$G,"Outbound",wins!$Q:$Q,TRUE,wins!$E:$E,"FY26Q4",wins!$F:$F,"<=10",wins!$P:$P,"="&$A30) -> 255101 | I30: =G30/SUM($G$28:$G$30)*100 -> 27.415952 | J30: =H30/SUM($H$28:$H$30)*100 -> 26.36959 | K30: =(H30/G30-1)*100 -> -63.969091 | L30: =G30/B30 -> 9567.6486 | M30: =H30/C30 -> 9448.1852

Sheet YoY Timing
A1: Driver #4 -- true year-over-year timing check (not QoQ). Same weeks-1-10 window, one year apart, no proration.
A3: All channels, total actuals, FY25Q4 wk1-10 vs FY26Q4 wk1-10 (control group)
A4: channel | B4: FY25Q4 units | C4: FY26Q4 units | D4: yoy_units_% | E4: FY25Q4 arr | F4: FY26Q4 arr | G4: yoy_arr_%
A5: Hunters | B5: =SUMIFS(wins!$J:$J,wins!$G:$G,$A5,wins!$E:$E,"FY25Q4",wins!$F:$F,"<=10") -> 64 | C5: =SUMIFS(wins!$J:$J,wins!$G:$G,$A5,wins!$E:$E,"FY26Q4",wins!$F:$F,"<=10") -> 58 | D5: =(C5/B5-1)*100 -> -9.375 | E5: =SUMIFS(wins!$K:$K,wins!$G:$G,$A5,wins!$E:$E,"FY25Q4",wins!$F:$F,"<=10") -> 1001554 | F5: =SUMIFS(wins!$K:$K,wins!$G:$G,$A5,wins!$E:$E,"FY26Q4",wins!$F:$F,"<=10") -> 1196695 | G5: =(F5/E5-1)*100 -> 19.483822
A6: Inbound | B6: =SUMIFS(wins!$J:$J,wins!$G:$G,$A6,wins!$E:$E,"FY25Q4",wins!$F:$F,"<=10") -> 561 | C6: =SUMIFS(wins!$J:$J,wins!$G:$G,$A6,wins!$E:$E,"FY26Q4",wins!$F:$F,"<=10") -> 527 | D6: =(C6/B6-1)*100 -> -6.0606061 | E6: =SUMIFS(wins!$K:$K,wins!$G:$G,$A6,wins!$E:$E,"FY25Q4",wins!$F:$F,"<=10") -> 4599855 | F6: =SUMIFS(wins!$K:$K,wins!$G:$G,$A6,wins!$E:$E,"FY26Q4",wins!$F:$F,"<=10") -> 4648016 | G6: =(F6/E6-1)*100 -> 1.0470113
A7: Outbound | B7: =SUMIFS(wins!$J:$J,wins!$G:$G,$A7,wins!$E:$E,"FY25Q4",wins!$F:$F,"<=10") -> 311 | C7: =SUMIFS(wins!$J:$J,wins!$G:$G,$A7,wins!$E:$E,"FY26Q4",wins!$F:$F,"<=10") -> 211 | D7: =(C7/B7-1)*100 -> -32.154341 | E7: =SUMIFS(wins!$K:$K,wins!$G:$G,$A7,wins!$E:$E,"FY25Q4",wins!$F:$F,"<=10") -> 2962522 | F7: =SUMIFS(wins!$K:$K,wins!$G:$G,$A7,wins!$E:$E,"FY26Q4",wins!$F:$F,"<=10") -> 1658059 | G7: =(F7/E7-1)*100 -> -44.032179
A8: Upgrades | B8: =SUMIFS(wins!$J:$J,wins!$G:$G,$A8,wins!$E:$E,"FY25Q4",wins!$F:$F,"<=10") -> 338 | C8: =SUMIFS(wins!$J:$J,wins!$G:$G,$A8,wins!$E:$E,"FY26Q4",wins!$F:$F,"<=10") -> 435 | D8: =(C8/B8-1)*100 -> 28.698225 | E8: =SUMIFS(wins!$K:$K,wins!$G:$G,$A8,wins!$E:$E,"FY25Q4",wins!$F:$F,"<=10") -> 1968204 | F8: =SUMIFS(wins!$K:$K,wins!$G:$G,$A8,wins!$E:$E,"FY26Q4",wins!$F:$F,"<=10") -> 2724704 | G8: =(F8/E8-1)*100 -> 38.436056
A11: Outbound BAU-only (ex-play) YoY -- isolates the organic trend from this year's play volume, which didn't exist last year
B12: FY25Q4 units | C12: FY26Q4 units | D12: yoy_units_% | E12: FY25Q4 arr | F12: FY26Q4 arr | G12: yoy_arr_%
A13: Outbound (BAU) | B13: =SUMIFS(wins!$J:$J,wins!$G:$G,"Outbound",wins!$Q:$Q,TRUE,wins!$E:$E,"FY25Q4",wins!$F:$F,"<=10") -> 311 | C13: =SUMIFS(wins!$J:$J,wins!$G:$G,"Outbound",wins!$Q:$Q,TRUE,wins!$E:$E,"FY26Q4",wins!$F:$F,"<=10") -> 103 | D13: =(C13/B13-1)*100 -> -66.881029 | E13: =SUMIFS(wins!$K:$K,wins!$G:$G,"Outbound",wins!$Q:$Q,TRUE,wins!$E:$E,"FY25Q4",wins!$F:$F,"<=10") -> 2962522 | F13: =SUMIFS(wins!$K:$K,wins!$G:$G,"Outbound",wins!$Q:$Q,TRUE,wins!$E:$E,"FY26Q4",wins!$F:$F,"<=10") -> 967406 | G13: =(F13/E13-1)*100 -> -67.345188
A16: Second check: did Outbound normally soften Q3->Q4 in prior years too, or is that new this year? Total actuals, Outbound, no BAU filter.
A17: period | B17: from_quarter | C17: to_quarter | D17: from_units | E17: to_units | F17: units_change_% | G17: from_arr | H17: to_arr | I17: arr_change_%
A18: Last year | B18: FY25Q3 | C18: FY25Q4 | D18: =SUMIFS(wins!$J:$J,wins!$G:$G,"Outbound",wins!$E:$E,$B18,wins!$F:$F,"<=10") -> 278 | E18: =SUMIFS(wins!$J:$J,wins!$G:$G,"Outbound",wins!$E:$E,$C18,wins!$F:$F,"<=10") -> 311 | F18: =(E18/D18-1)*100 -> 11.870504 | G18: =SUMIFS(wins!$K:$K,wins!$G:$G,"Outbound",wins!$E:$E,$B18,wins!$F:$F,"<=10") -> 2684007 | H18: =SUMIFS(wins!$K:$K,wins!$G:$G,"Outbound",wins!$E:$E,$C18,wins!$F:$F,"<=10") -> 2962522 | I18: =(H18/G18-1)*100 -> 10.376836
A19: This year | B19: FY26Q3 | C19: FY26Q4 | D19: =SUMIFS(wins!$J:$J,wins!$G:$G,"Outbound",wins!$E:$E,$B19,wins!$F:$F,"<=10") -> 270 | E19: =SUMIFS(wins!$J:$J,wins!$G:$G,"Outbound",wins!$E:$E,$C19,wins!$F:$F,"<=10") -> 211 | F19: =(E19/D19-1)*100 -> -21.851852 | G19: =SUMIFS(wins!$K:$K,wins!$G:$G,"Outbound",wins!$E:$E,$B19,wins!$F:$F,"<=10") -> 2582460 | H19: =SUMIFS(wins!$K:$K,wins!$G:$G,"Outbound",wins!$E:$E,$C19,wins!$F:$F,"<=10") -> 1658059 | I19: =(H19/G19-1)*100 -> -35.795366
